{"cameraMode":{"drawMode":0,"name":"Shaded","section":"Shading Mode"},"sceneLighting":true,"audioPlay":false,"sceneViewState":{"m_AlwaysRefresh":false,"showFog":true,"showSkybox":true,"showFlares":true,"showImageEffects":true,"showParticleSystems":true,"showVisualEffectGraphs":true,"m_FxEnabled":true},"in2DMode":false,"pivot":{"x":39.26254653930664,"y":-3.5498485565185549,"z":25.621417999267579},"rotation":{"x":-0.07353496551513672,"y":-0.9047378897666931,"z":0.17418594658374787,"w":-0.38178977370262148},"size":26.490053176879884,"orthographic":false}